{
  "best_C": 1.0,
  "unified": {
    "val": {
      "name": "unified/val",
      "n": 1287216,
      "accuracy": 0.801148369815167,
      "acc_ci": [
        0.8004732111782327,
        0.8018204403922885
      ],
      "log_loss": 0.4200246290418648,
      "ll_ci": [
        0.41910850496429064,
        0.4209477934423362
      ],
      "ece": 0.009079514712943526,
      "ece_ci": [
        0.008582173794605014,
        0.009826475967102816
      ]
    },
    "test": {
      "name": "unified/test",
      "n": 1284717,
      "accuracy": 0.788854666047075,
      "acc_ci": [
        0.7881617507980356,
        0.7895817717053639
      ],
      "log_loss": 0.4439295044065756,
      "ll_ci": [
        0.4429546358605826,
        0.44487751305819523
      ],
      "ece": 0.01751826639793543,
      "ece_ci": [
        0.016912509164001867,
        0.018207406112816602
      ]
    }
  },
  "per_bucket": [
    {
      "name": "vp_02-04",
      "n": 237827,
      "accuracy": 0.7663469664924504,
      "acc_ci": [
        0.7646561366034975,
        0.767957485903619
      ],
      "log_loss": 0.4807988012747245,
      "ll_ci": [
        0.4786696937414353,
        0.4829557442656019
      ],
      "ece": 0.0247336129467063,
      "ece_ci": [
        0.02308283980095176,
        0.026416328047671904
      ]
    },
    {
      "name": "vp_04-06",
      "n": 261890,
      "accuracy": 0.771953873763794,
      "acc_ci": [
        0.7703996907098399,
        0.7735505364847837
      ],
      "log_loss": 0.46919599091079134,
      "ll_ci": [
        0.46692572359084,
        0.47131466275854544
      ],
      "ece": 0.018941874582789734,
      "ece_ci": [
        0.01774585901508031,
        0.02056539080855411
      ]
    },
    {
      "name": "vp_06-08",
      "n": 278166,
      "accuracy": 0.788942573858775,
      "acc_ci": [
        0.7873356197378544,
        0.7904706182639143
      ],
      "log_loss": 0.42769076054245414,
      "ll_ci": [
        0.4255088976577658,
        0.4300130394010682
      ],
      "ece": 0.031469862412746026,
      "ece_ci": [
        0.030072022999603723,
        0.032786522908021094
      ]
    },
    {
      "name": "vp_08-10",
      "n": 242114,
      "accuracy": 0.8570177684892241,
      "acc_ci": [
        0.8556671650544785,
        0.8584179353527677
      ],
      "log_loss": 0.3270182874463678,
      "ll_ci": [
        0.32469559151072946,
        0.32935602646094175
      ],
      "ece": 0.023095047811398192,
      "ece_ci": [
        0.021917580085813012,
        0.024374192688689133
      ]
    },
    {
      "name": "vp_10-12",
      "n": 158543,
      "accuracy": 0.83214017648209,
      "acc_ci": [
        0.8304305456563834,
        0.8340576373602114
      ],
      "log_loss": 0.3447346921102386,
      "ll_ci": [
        0.3416005496787783,
        0.3477213251915596
      ],
      "ece": 0.054802105202381525,
      "ece_ci": [
        0.053085111264516024,
        0.05632905167292463
      ]
    },
    {
      "name": "vp_12-15",
      "n": 99701,
      "accuracy": 0.8792790443425843,
      "acc_ci": [
        0.8773929047853081,
        0.8811950231191262
      ],
      "log_loss": 0.2732167957647765,
      "ll_ci": [
        0.2696941592753561,
        0.276398349396486
      ],
      "ece": 0.03966297981219698,
      "ece_ci": [
        0.03789215157904164,
        0.04132751404776338
      ]
    },
    {
      "name": "vp_15-15",
      "n": 476,
      "accuracy": 1.0,
      "acc_ci": [
        1.0,
        1.0
      ],
      "log_loss": 0.0004239500464205534,
      "ll_ci": [
        0.00023911216743508534,
        0.000623818011022739
      ],
      "ece": 0.00042146287862996007,
      "ece_ci": [
        0.00023821042957275723,
        0.000619053295577503
      ]
    }
  ],
  "unified_sliced": [
    {
      "name": "unified/vp_02-04",
      "n": 237827,
      "accuracy": 0.7439609464022168,
      "acc_ci": [
        0.7422075710495444,
        0.7457522695068264
      ],
      "log_loss": 0.5455532949191372,
      "ll_ci": [
        0.5443114204465835,
        0.5468342099208151
      ],
      "ece": 0.08135000689343229,
      "ece_ci": [
        0.0796480659270529,
        0.08295181589179496
      ]
    },
    {
      "name": "unified/vp_04-06",
      "n": 261890,
      "accuracy": 0.7522165794799344,
      "acc_ci": [
        0.7506543777922029,
        0.7539123296040323
      ],
      "log_loss": 0.5006344124830527,
      "ll_ci": [
        0.4986965614732193,
        0.5025481574356789
      ],
      "ece": 0.01760671034781253,
      "ece_ci": [
        0.01618467627522129,
        0.01911040615892783
      ]
    },
    {
      "name": "unified/vp_06-08",
      "n": 278166,
      "accuracy": 0.7841612562282954,
      "acc_ci": [
        0.7825428880596479,
        0.785786185227526
      ],
      "log_loss": 0.4446638926036445,
      "ll_ci": [
        0.4425334986519947,
        0.44699050877754437
      ],
      "ece": 0.034230468596249376,
      "ece_ci": [
        0.03287192460101147,
        0.03573470290743155
      ]
    },
    {
      "name": "unified/vp_08-10",
      "n": 242114,
      "accuracy": 0.8509090758898701,
      "acc_ci": [
        0.8496401488554978,
        0.8523803869251675
      ],
      "log_loss": 0.3445869661000032,
      "ll_ci": [
        0.3419645854611009,
        0.347085689428755
      ],
      "ece": 0.03441915944568275,
      "ece_ci": [
        0.03314964963105219,
        0.03562002145200019
      ]
    },
    {
      "name": "unified/vp_10-12",
      "n": 158543,
      "accuracy": 0.8459786934774793,
      "acc_ci": [
        0.8440864623477542,
        0.8477449335511501
      ],
      "log_loss": 0.3542178743248001,
      "ll_ci": [
        0.3509715118175446,
        0.35741186024337745
      ],
      "ece": 0.03422804986230116,
      "ece_ci": [
        0.03257161732958283,
        0.03590545465643681
      ]
    },
    {
      "name": "unified/vp_12-15",
      "n": 99701,
      "accuracy": 0.7727003741186147,
      "acc_ci": [
        0.7700003008996901,
        0.7753387629010743
      ],
      "log_loss": 0.4241440653303517,
      "ll_ci": [
        0.42021196002134065,
        0.4279548010109671
      ],
      "ece": 0.10170226489487842,
      "ece_ci": [
        0.0997107601287545,
        0.10405749897142798
      ]
    },
    {
      "name": "unified/vp_15-15",
      "n": 476,
      "accuracy": 0.9936974789915967,
      "acc_ci": [
        0.9852941176470589,
        1.0
      ],
      "log_loss": 0.030732486300766124,
      "ll_ci": [
        0.019906964345389307,
        0.04498151277219474
      ],
      "ece": 0.018488778963555393,
      "ece_ci": [
        0.015215597820080282,
        0.02752477584172175
      ]
    }
  ]
}